Workbook

Sheet 점검 체크리스트
A1: AI 활용 시스템 점검 체크리스트
A2: 점검 코드 | B2: 분류 | C2: 점검항목 | D2: 질의문 | E2: 법적 근거 | F2: 가이드 | G2: 필요 증빙 | H2: 점검 결과 (작성란) | I2: 비고 (작성란)
A3: AI-01 | B3: 수집 | C3: 적법한 처리 근거 | D3: AI 학습·개발 및 운영을 위해 개인정보를 수집·이용하는 경우, 명확한 목적이 정의되어 있으며 이에 따른 적법 요건을 확인하고 준수하고 있습니까? | E3: 【개인정보 보호법】 제15조(개인정보의 수집·이용) 제23조(민감정보의 처리 제한) 제24조(고유식별정보의 처리 제한) 제28조의2(가명정보의 처리 등) | F3: ① 수집 출처별로 적법 근거를 보유하여야 한다. ▶ 정보주체의 동의, 목적에 부합한 가명정보 처리 등 ▶ 학습 데이터의 수집 출처·이력을 별도 관리 ② 정보주체 동의를 근거로 처리하는 경우, AI 학습·개발에 이용된다는 사실을 명확히 고지하고 동의를 받아야 한다. | G3: 1. 수집 출처별 적법 근거 목록 2. 개인정보 수집·이용 동의서
A4: AI-02 | C4: 공개 데이터 수집 시 필터링 및 적정성 검토 | D4: 인터넷 등 공개된 공간에서 데이터를 수집(스크래핑 등)할 때, 민감정보나 불법 정보가 포함되지 않도록 조치하고 있습니까? | E4: 【개인정보 보호법】 제15조 제1항 제6호(개인정보의 수집·이용) 제23조(민감정보의 처리 제한) 제24조(고유식별정보의 처리 제한) | F4: ① 공개된 개인정보를 수집하여 AI 학습 목적으로 활용하는 경우, 아래 정보가 수집되지 않도록 조치하여야 한다. ▶ 민감정보, 고유식별정보, 14세 미만 아동의 개인정보, 불법 유통 개인정보 ▶ 딥웹, 다크웹 등으로부터의 학습 데이터 수집 금지 및 robots.txt 준수 ② 개인정보 필터링 조치를 적용하여야 하며, 제외 대상이 누락되지 않도록 필터링 방법의 신뢰성을 확보하여야 한다. | G4: 1. 데이터 수집 리스트 및 수집 출처 2. 개인정보 필터링 로직(e.g. Regex) 3. 필터링 검증 결과서(정확도 샘플링)
A5: AI-03 | C5: 학습 데이터 관리 (개인정보 최소화) | D5: AI 학습에 활용하는 개인정보에 대해 익명처리·가명처리 등을 우선 적용하고, 불가피하게 원본을 활용하는 경우 최소 범위로 처리하고 있습니까? | E5: 【개인정보 보호법】 제3조(개인정보 보호 원칙) 제16조(개인정보의 수집 제한) 제28조의2(가명정보의 처리 등) | F5: ① 적법한 근거로 수집된 개인정보는 학습에 활용할 수 있으나, 목적 달성에 필요한 최소 범위로 처리하여야 하며 익명처리·가명처리가 가능한 경우 이를 우선 적용하여야 한다. ▶ 정규표현식 등을 통해 개인정보를 탐지하여 삭제·치환·마스킹 처리 ▶ 데이터셋 내 불필요한 개인정보 제거 후 학습 ② 원본 개인정보를 학습에 활용하는 경우, 수집 시 고지한 목적 범위 내에서만 처리하여야 한다. ③ AI 서비스에 입력되는 프롬프트 내 개인정보를 최소화하기 위한 운영 지침을 마련하여야 한다. | G5: 1. 개인정보 필터링 로직 2. 데이터 변환 전·후 샘플 3. 프롬프트 입력 가이드라인
A6: AI-04 | B6: 이용 | C6: 프롬프트 학습 거부권 (opt-out) | D6: 이용자가 입력한 프롬프트를 AI 학습에 재활용하는 경우, 이를 명확하게 고지하고 거부할 수 있는 기능을 제공하고 있습니까? | E6: 【개인정보 보호법】 제4조(정보주체의 권리) 제15조 제3항(개인정보의 수집·이용) 제37조(개인정보의 처리정지 등) | F6: ① 입력 프롬프트(개인정보 포함)를 AI 학습에 활용하는 경우, 관련 사항을 명확히 알리고 동의를 받아야 하며, 사후 거부권을 쉽게 행사할 수 있도록 하여야 한다. ▶ 정보주체가 쉽게 인지할 수 있는 공간에 학습 활용 사실을 고지 ▶ 설정 메뉴에서 '학습 활용 금지' 옵션을 제공하고, 거부 시 즉각 반영 ② 서비스 제공자가 opt-out을 제공하지 않는 경우, 계약 조항으로 학습 이용 금지를 명시하는 방법으로 대체 가능하다. | G6: 1. AI 서비스 opt-out 설정 화면 2. 학습 활용 고지 문구 (개인정보 수집·이용 동의서) 3. 또는 학습 이용 금지 계약 조항
A7: AI-05 | C7: 처리위탁 계약 | D7: AI 서비스 제공자와 개인정보 처리위탁 계약, DPA가 체결되어 있습니까? | E7: 【개인정보 보호법】 제26조(업무위탁에 따른 개인정보의 처리 제한) | F7: ① AI 서비스 도입 시 개인정보 처리를 수반하는 경우, 서비스 제공자와 개인정보처리위탁에 따른 계약을 반드시 체결하여야 한다. ② 수탁사 목록을 개인정보 처리방침에 공개하고 최신화하여야 한다. | G7: 1. 처리위탁 계약서, DPA 2. 수탁사 목록
A8: AI-06 | C8: 이용방침(AUP) 검토 | D8: 생성형 AI 서비스를 제공하는 경우, 허용되는 이용방침(Acceptable Use Policy)을 공개하도록 계획하고 있습니까? | E8: ** 권고 ** 【인공지능기본법】 제31조(인공지능 투명성 확보 의무) | F8: ① 생성형 AI 서비스를 제공하는 경우, 예견 가능한 오용을 식별하고 허용되는 이용방침(AUP)을 작성하여 공개하여야 한다. ▶ e.g. 딥페이크 성범죄, 딥보이스 사기, 신원 도용 또는 위조, 불법 콘텐츠 생성 등 ② 서비스 제공자의 AUP를 검토하여 입력 데이터의 학습 이용 여부, 데이터 보존 기간, 제3자 제공 조건 등 주요 처리 조건을 사전에 확인하여야 한다. | G8: 1. AUP 내용 및 게시 수단
A9: AI-07 | C9: 국외 이전 적법 요건 | D9: AI 서비스 이용 시 개인정보가 국외 서버로 이전되는 경우, 적법한 국외 이전 근거가 확보되어 있습니까? | E9: 【개인정보 보호법】 제28조의8(개인정보의 국외 이전) | F9: ① AI API 서버 소재지를 확인하고 국외 이전 해당 여부를 검토하여야 한다. ▶ CDN 경유, 클라우드 리전 등 간접적인 국외 이전 경로도 포함하여 확인 ② 국외 이전이 발생하는 경우 아래 중 하나의 적법 근거를 확보하여야 한다. ▶ 표준 계약 체결, 정보주체 개별 동의 등 ③ 국외 이전 현황을 개인정보 처리방침에 공개하여야 한다. | G9: 1. (필요시) 정보주체 동의 2. 처리방침 국외 이전 항목 화면
A10: AI-08 | B10: 보관 ·파기 | C10: AI 학습 데이터 보관·파기 정책 | D10: AI 학습 데이터의 보유기간을 정하고, 보유기간이 경과하거나 처리 목적 달성 등으로 불필요하게 되었을 때에는 지체 없이 파기하도록 계획하고 있습니까? | E10: 【개인정보 보호법】 제21조(개인정보의 파기) | F10: ① AI 학습 데이터의 처리 목적을 고려하여 합리적인 수준으로 보유기간을 정하여야 한다. ▶ AI 학습 종료 시점을 기준으로 정하는 것이 타당하나, 성능 검증 및 재학습 등이 필요한 경우 해당 목적 달성에 필요한 기간까지 산정 가능 ▶ 보유기간 종료 후 지체 없이(5영업일 이내) 파기 ② 다른 법령에서 일정 기간 보관을 의무화하는 경우, 다른 개인정보와 분리하여 보관하여야 한다. | G10: 1. 학습 데이터 보관 정책 2. 학습 데이터 파기 로직
A11: AI-09 | B11: 운영 관리 | C11: 개인정보 처리방침 공개 | D11: AI 시스템에서 처리하는 개인정보 현황(처리 항목·목적·보존기간 등)이 개인정보 처리방침에 공개되어 있습니까? | E11: 【개인정보 보호법】 제30조(개인정보 처리방침의 수립 및 공개) | F11: ① AI 서비스 운영 과정에서 처리하는 개인정보 항목·목적·보존기간이 처리방침에 명시되어 있는지 확인하여야 한다. ▶ 자동화된 처리, 프로파일링, AI 학습 활용 여부 등 포함 ② 처리방침은 AI 서비스 변경 시 즉시 업데이트되어야 하며, 위탁 현황(AI 서비스 제공자 포함)도 공개되어야 한다. | G11: 1. 처리방침 AI 관련 항목 화면
A12: AI-10 | C12: AI 생성 콘텐츠 식별 조치 적용 | D12: 생성형 AI를 통해 만들어진 결과물에 대해 이용자가 가상정보임을 인지할 수 있도록 식별 조치(워터마크 등)를 적용하고 있습니까? | E12: 【인공지능기본법】 제31조 제2항(인공지능 투명성 확보 의무) | F12: ① 이미지, 영상, 텍스트 등에 AI 생성물임을 나타내는 워터마크 또는 문구를 삽입하여야 한다. ② 메타데이터에 AI 생성 정보(Origin)를 포함하여 기술적 투명성을 확보하여야 한다. | G12: 1. AI 결과물 식별 표시 예시 2. 워터마크 적용 기술 명세
A13: AI-11 | C13: 정보주체 권리보장 | D13: AI 출력물 내 개인정보 유·노출 또는 부적절한 콘텐츠 생성에 대한 신고·삭제 처리 체계가 등 정보주체 권리보장 방안을 계획하고 있습니까? | E13: 【개인정보 보호법】 제35조(개인정보의 열람) 제36조(개인정보의 정정·삭제) 제37조(개인정보의 처리정지 등) 제38조(권리행사의 방법 및 절차) | F13: ① AI 시스템의 부적절한 답변, 개인정보 유·노출 등에 대한 신고 기능을 갖추어야 한다. ▶ 이용자가 신고할 수 있는 채널(CS, 앱 내 기능 등) 운영 ② 신고 접수 후 처리 절차(검토 → 삭제 → 통지)를 문서화하고 이행 여부를 관리하여야 한다. | G13: 1. 서비스 내 신고 기능(권리 행사) 2. 정보주체 권리보장 프로세스
A14: AI-12 | C14: 고영향 AI 해당 여부 검토 | D14: 운영 중인 AI 시스템이 인공지능기본법 상 고영향 인공지능에 해당하는지 정기적으로 검토하고 있습니까? | E14: 【인공지능기본법】 제33조(고영향 인공지능의 확인) 제34조(고영향 인공지능과 관련한 사업자의 책무) | F14: ① 과기정통부의 고영향 인공지능 지정 기준 및 고시 변경사항을 주기적으로 확인하여야 한다. ▶ 의료·교통·교육·금융 등 특정 영역 및 기본권에 중대한 영향을 미치는지 내부 검토 ▶ 고시 변경 시 즉시 해당 여부를 재검토할 수 있는 절차 마련 ② 고영향 AI 해당이 의심되는 경우, 법무·컴플라이언스 검토 또는 과기정통부 확인 요청을 수행하여야 한다. ③ 고영향 AI로 확인된 경우, 인공지능기본법 제34조에 따른 사업자 준수사항을 이행하여야 한다. | G14: 1. 고영향 AI 해당 여부 검토 결과서 2. 사업자 준수사항 이행 현황
A15: AI-13 | B15: 권한 관리 | C15: 접근 권한 관리 | D15: AI 서비스 운영 과정에서 모델, 학습 데이터, 연계 데이터(RAG) 등에 대한 접근 권한을 최소한으로 부여·관리하고 있습니까? | E15: 【개인정보 보호법】 제29조(안전조치의무) 【안전성 확보조치 기준】 제5조(접근 권한의 관리) | F15: ① AI 모델 및 관련 데이터에 대한 접근 권한은 업무상 필요한 최소 인원에게만 부여하여야 한다. ▶ 역할(RBAC), 정책(PBAC)에 따라 데이터 접근 권한을 제한 ▶ RAG 구조 운영 시 벡터 임베딩 데이터도 원본 재현 가능성을 고려하여 개인정보와 동일 수준으로 접근 관리 ② 접근 권한의 부여·변경·말소는 책임자의 사전 승인 절차를 거쳐야 하며, 퇴사·직무 변경 시 즉시 회수되어야 한다. ③ 권한 부여 이력은 기록·관리되어야 하며, 정기적으로 적정성 점검을 수행하여야 한다. | G15: 1. 접근 권한 리스트 (학습 데이터 저장소, 벡터DB, 모델 관리 콘솔, 로그 저장소 등) 2. 접근 권한 부여·변경·말소 이력 (승인 포함)
A16: AI-14 | B16: 접근 통제 | C16: 접근 통제 | D16: AI 모델, 학습 데이터(개인정보 포함) 및 연계 시스템에 대한 접근 시 기술적·환경적 접근 통제를 적용하고 있습니까? | E16: 【개인정보 보호법】 제29조(안전조치의무) 【안전성 확보조치 기준】 제6조(접근통제) | F16: ① AI 모델 및 데이터 처리 과정에 기술적 접근 통제를 적용하여야 한다. ▶ 네트워크 접근 제한(사내망, VPN 등) ▶ 필요 시, 시간·위치·단말 조건 등에 따른 추가적인 접근 통제 수단 고려 ② 학습 데이터에 대해 강화된 접근 통제를 적용하여야 한다. ▶ 업무상 필요한 경우에만 접근을 허용 | G16: 1. IP 접근 통제 내역 (방화벽/보안그룹/IP Allowlist 등) - 학습 데이터 저장소, 벡터DB, 모델 관리 콘솔 등)
A17: AI-15 | C17: API 인증정보 관리 | D17: 외부 AI API 호출을 위한 인증 정보(API Key, Token 등)를 안전하게 발급·보관·접근 통제·갱신하고 있습니까? | E17: 【개인정보 보호법】 제29조(안전조치의무) 【안전성 확보조치 기준】 제5조(접근 권한의 관리) 제6조(접근통제) | F17: ① 인증 정보(API Key, Token 등)를 안전하게 관리하여야 한다. ▶ 소스코드 하드 코딩 금지, 환경 변수 또는 Secret Manager 등을 통해 관리 ▶ 서비스 계정 단위로 발급하여 용도별 구분 관리 ② 필요한 인원만 접근 가능하여야 하며, 퇴사·권한 변경 시 즉시 회수되어야 한다. ③ 인증 정보는 주기적으로 변경·갱신되어야 하며, 필요 시 즉시 폐기·재발급이 가능하여야 한다. | G17: 1. API Key 관리·발급 정책 2. Secret Manager/환경 변수 관리 화면 3. 접근 권한 설정 내역 4. API Key 변경·로테이션 설정
A18: AI-16 | B18: 암호화 | C18: 전송구간 암호화 | D18: AI 서비스와의 API 통신 구간에 암호화(TLS 1.2 이상)가 적용되어 있습니까? | E18: 【개인정보 보호법】 제29조(안전조치의무) 【안전성 확보조치 기준】 제7조(개인정보의 암호화) | F18: ① 외부 AI API와의 통신 구간에 개인정보·민감정보가 평문으로 노출되지 않도록 TLS 1.2 이상의 암호화가 적용되어야 한다. | G18: 1. TLS 버전 확인 결과
A19: AI-17 | B19: 로그 관리 | C19: 로그 수집 및 정기 점검 | D19: API 호출, 입력/출력 결과를 로그로 기록하고, 정기적으로 점검하여 이상 여부를 검토하고 있습니까? | E19: 【인공지능기본법】 제32조(인공지능 안전성 확보 의무) 【개인정보 보호법】 제29조(안전조치의무) 【안전성 확보조치 기준】 제8조(접속기록의 보관 및 점검) | F19: ① AI 서비스 운영 과정에서 발생하는 주요 이벤트에 대해 로그를 수집·관리하여야 한다. ▶ API 호출 로그, 입·출력 요청 로그, 접속 로그 포함 ② 로그 수집 범위를 적절히 설정하여야 한다. ▶ 필요한 요청 정보(요청 ID, 타임스탬프, 처리 결과 등) 위주로 기록 ▶ 불필요한 개인정보는 로그에서 제거 ③ 로그는 안전한 저장소에 보관하고 무단 접근·변조를 방지하여야 한다. ▶ 로그 접근 권한을 최소화하고 접근 이력을 관리 ④ 로그에 대한 정기적인 모니터링 및 점검 절차를 수립·운영하여야 한다. ▶ API 비정상 호출, 대량 요청, 비정상 출력, 업무 시간 외 접근 등 보안 위협 탐지 | G19: 1. 로그(접속기록, API 호출 로그 등) 2. 정기 모니터링 계획 및 점검 이력
A20: AI-18 | B20: 보안 패치 | C20: 보안 패치· 업데이트 관리 | D20: 이용 중인 AI 서비스(API, 오픈소스 라이브러리 등)의 보안 취약점 및 업데이트 현황을 주기적으로 점검하고 있습니까? | E20: 【개인정보 보호법】 제29조(안전조치의무) 【안전성 확보조치 기준】 제9조(악성프로그램 등 방지) | F20: ① AI 서비스 제공자의 보안 공지·패치 이력을 정기적으로 확인하는 절차를 수립하여야 한다. ▶ 오픈소스 라이브러리, AI 프레임워크(e.g. LangChain, Hugging Face 등) 의존성 취약점 포함 ② 취약점 발견 시 업데이트 적용 또는 서비스 사용 중단 등 즉각적인 조치 절차가 마련되어야 한다. ③ 보안 패치 적용 전 스테이징 환경에서 테스트를 수행하고, 운영 환경 적용 이력을 기록하여야 한다. | G20: 1. 보안 공지 확인 이력 2. 업데이트 적용 기록 3. 취약점 조치 이력
A21: AI-19 | B21: 취약점 점검 | C21: AI 취약점 점검 | D21: AI 취약점 공격에 의한 개인정보 유ㆍ노출 등 위험을 최소화하기 위한 대책을 계획하고 있습니까? | E21: 【인공지능기본법】 제32조(인공지능 안전성 확보 의무) 【개인정보 보호법】 제29조(안전조치의무) | F21: ① AI 시스템의 유형, 특성, 용례, 구성방식 등을 고려하여 AI 취약점 공격에 의한 개인정보 유·노출 위험을 식별하여야 한다. ② 식별된 위험에 대해 필요 시 취약점 점검을 수행하고 적절한 보안대책을 마련하여야 한다. ▶ OWASP "LLM 애플리케이션을 위한 Top 10 취약점" 등 관련 기관 발표 자료 참고 가능 | G21: 1. 취약점 점검 이력

Sheet 점검 요약
A1: AI 활용 시스템 점검 결과 요약
A2: 시스템명 | E2: 점검일
A3: 점검 담당자 | E3: 체크리스트 버전 | G3: v1.00
A5: 분류 | B5: 항목 수 | C5: 이행 | D5: 부분이행 | E5: 미이행 | F5: 해당없음 | G5: 이행률 | H5: 참고
A6: 수집 | B6: 3 | C6: =COUNTIF('점검 체크리스트'!H3:H5,"이행") -> 0 | D6: =COUNTIF('점검 체크리스트'!H3:H5,"부분이행") -> 0 | E6: =COUNTIF('점검 체크리스트'!H3:H5,"미이행") -> 0 | F6: =COUNTIF('점검 체크리스트'!H3:H5,"해당없음") -> 0 | G6: =IF(B6=0,"",IF((C6+D6+E6+F6)=0,"미입력",TEXT(C6/B6,"0%"))) -> 미입력 | H6: AI-01~03
A7: 이용 | B7: 4 | C7: =COUNTIF('점검 체크리스트'!H6:H9,"이행") -> 0 | D7: =COUNTIF('점검 체크리스트'!H6:H9,"부분이행") -> 0 | E7: =COUNTIF('점검 체크리스트'!H6:H9,"미이행") -> 0 | F7: =COUNTIF('점검 체크리스트'!H6:H9,"해당없음") -> 0 | G7: =IF(B7=0,"",IF((C7+D7+E7+F7)=0,"미입력",TEXT(C7/B7,"0%"))) -> 미입력 | H7: AI-04~07
A8: 보관·파기 | B8: 1 | C8: =COUNTIF('점검 체크리스트'!H10:H10,"이행") -> 0 | D8: =COUNTIF('점검 체크리스트'!H10:H10,"부분이행") -> 0 | E8: =COUNTIF('점검 체크리스트'!H10:H10,"미이행") -> 0 | F8: =COUNTIF('점검 체크리스트'!H10:H10,"해당없음") -> 0 | G8: =IF(B8=0,"",IF((C8+D8+E8+F8)=0,"미입력",TEXT(C8/B8,"0%"))) -> 미입력 | H8: AI-08
A9: 운영관리 | B9: 4 | C9: =COUNTIF('점검 체크리스트'!H11:H14,"이행") -> 0 | D9: =COUNTIF('점검 체크리스트'!H11:H14,"부분이행") -> 0 | E9: =COUNTIF('점검 체크리스트'!H11:H14,"미이행") -> 0 | F9: =COUNTIF('점검 체크리스트'!H11:H14,"해당없음") -> 0 | G9: =IF(B9=0,"",IF((C9+D9+E9+F9)=0,"미입력",TEXT(C9/B9,"0%"))) -> 미입력 | H9: AI-09~12
A10: 권한관리/접근통제 | B10: 3 | C10: =COUNTIF('점검 체크리스트'!H15:H17,"이행") -> 0 | D10: =COUNTIF('점검 체크리스트'!H15:H17,"부분이행") -> 0 | E10: =COUNTIF('점검 체크리스트'!H15:H17,"미이행") -> 0 | F10: =COUNTIF('점검 체크리스트'!H15:H17,"해당없음") -> 0 | G10: =IF(B10=0,"",IF((C10+D10+E10+F10)=0,"미입력",TEXT(C10/B10,"0%"))) -> 미입력 | H10: AI-13~15
A11: 암호화/로그관리 | B11: 2 | C11: =COUNTIF('점검 체크리스트'!H18:H19,"이행") -> 0 | D11: =COUNTIF('점검 체크리스트'!H18:H19,"부분이행") -> 0 | E11: =COUNTIF('점검 체크리스트'!H18:H19,"미이행") -> 0 | F11: =COUNTIF('점검 체크리스트'!H18:H19,"해당없음") -> 0 | G11: =IF(B11=0,"",IF((C11+D11+E11+F11)=0,"미입력",TEXT(C11/B11,"0%"))) -> 미입력 | H11: AI-16~17
A12: 보안패치/취약점점검 | B12: 2 | C12: =COUNTIF('점검 체크리스트'!H20:H21,"이행") -> 0 | D12: =COUNTIF('점검 체크리스트'!H20:H21,"부분이행") -> 0 | E12: =COUNTIF('점검 체크리스트'!H20:H21,"미이행") -> 0 | F12: =COUNTIF('점검 체크리스트'!H20:H21,"해당없음") -> 0 | G12: =IF(B12=0,"",IF((C12+D12+E12+F12)=0,"미입력",TEXT(C12/B12,"0%"))) -> 미입력 | H12: AI-18~19
A13: 합계 | B13: 19 | C13: =SUM(C6:C12) -> 0 | D13: =SUM(E6:E12) -> 0 | E13: =SUM(F6:F12) -> 0 | F13: =SUM(G6:G12) -> 0 | G13: =IF(B13=0,"",IF((C13+D13+E13)=0,"미입력",TEXT(C13/B13,"0%"))) -> 미입력 | H13: 전체 19개 항목
A15: 비고
A16: 특이사항 기재

Sheet 설계 요약
A1: AI 활용 시스템 감사 설계 요약
A2: 각 감사 영역별 핵심 리스크와 감사 중점 사항을 정의하여, 리스크 기반 감사 설계의 근거로 활용
A3: 분류 | B3: 항목 수 | C3: 핵심 리스크 | D3: 감사 중점 사항 | E3: 주요 점검 방법 | F3: 관련 법규 | G3: 리스크/위험도 | H3: 항목 코드 | I3: 비고
A4: 수집 | B4: 3 | C4: · 적법 근거 없는 AI 학습 데이터 수집 · 공개 데이터 내 민감정보 미필터링 · 개인정보 최소화 원칙 위반 | D4: · 수집 출처별 적법 근거(동의·가명처리 등) 보유 여부 · 공개 데이터 수집 시 민감정보 필터링 조치 · 학습 데이터 최소화·익명화/가명화 적용 여부 | E4: · 수집 출처 목록 및 법적 근거 문서 검토 · 필터링 로직(Regex 등) 및 검증 결과서 확인 · 데이터 변환 전·후 샘플 비교 | F4: 개인정보보호법 §15, §23, §24, §28의2 | G4: 높음 | H4: AI-01~03
A5: 이용 | B5: 4 | C5: · 프롬프트 학습 재활용 미고지 · 처리위탁 계약 미체결 · 개인정보 국외 이전 적법 근거 미확보 | D5: · 프롬프트 학습 활용 고지 및 opt-out 기능 제공 여부 · AI 서비스 제공자와 DPA·처리위탁 계약 체결 현황 · AUP 공개 및 주요 처리 조건 사전 검토 여부 · 국외 이전 적법 근거 및 처리방침 공개 현황 | E5: · 서비스 설정 화면 및 동의서 원문 확인 · 처리위탁 계약서·DPA 검토 · 처리방침 내 국외 이전 항목 확인 | F5: 개인정보보호법 §4, §15③, §26, §28의8, §37 | G5: 중간 | H5: AI-04~07
A6: 보관·파기 | B6: 1 | C6: · 학습 데이터 보유기간 미설정 · 파기 절차 미이행 또는 지연 | D6: · AI 학습 종료 기준에 따른 보유기간 설정 여부 · 보유기간 경과 후 5영업일 이내 파기 이행 여부 | E6: · 학습 데이터 보관 정책 문서 검토 · 파기 로직 및 실행 이력 확인 | F6: 개인정보보호법 §21 | G6: 중간 | H6: AI-08
A7: 운영관리 | B7: 4 | C7: · AI 처리 현황 처리방침 미공개 · AI 생성물 식별 조치 부재 · 정보주체 권리행사 채널 미비 · 고영향 AI 해당 여부 미검토 | D7: · 처리방침 내 AI 처리 항목·목적·보존기간 명시 여부 · AI 생성물 워터마크·식별 문구 적용 현황 · 신고·삭제 처리 체계 및 권리행사 절차 문서화 · 고영향 AI 해당 여부 정기 검토 및 후속 조치 | E7: · 처리방침 AI 관련 항목 검토 · 서비스 내 신고 기능 및 처리 이력 확인 · 고영향 AI 검토 결과서 확인 | F7: 개인정보보호법 §30, §35~38 인공지능기본법 §31, §33, §34 | G7: 높음 | H7: AI-09~12
A8: 권한관리/접근통제 | B8: 3 | C8: · 학습 데이터·모델 과도한 접근 권한 부여 · API Key 하드코딩·미관리 · 퇴사자 권한 미회수 | D8: · RBAC 기반 최소 권한 부여 및 승인 절차 이행 여부 · 네트워크 접근 통제(VPN·IP Allowlist 등) 적용 현황 · API Key·Token Secret Manager 관리 및 로테이션 주기 | E8: · 접근 권한 리스트 및 부여·변경·말소 이력 확인 · IP 접근 통제 내역(방화벽·보안그룹) 검토 · Secret Manager 설정 및 API Key 변경 이력 확인 | F8: 개인정보보호법 §29 안전성확보조치기준 §5, §6 | G8: 높음 | H8: AI-13~15
A9: 암호화/로그관리 | B9: 2 | C9: · AI API 통신 구간 평문 전송 · 로그 미수집 또는 비정상 호출 탐지 미비 | D9: · 외부 AI API 통신 구간 TLS 1.2 이상 적용 여부 · API 호출·입출력 로그 수집 및 정기 모니터링 체계 | E9: · TLS 버전 확인 결과 검토 · 로그 샘플 및 모니터링 계획·점검 이력 확인 | F9: 개인정보보호법 §29 안전성확보조치기준 §7, §8 인공지능기본법 §32 | G9: 높음 | H9: AI-16~17
A10: 보안패치/취약점점검 | B10: 2 | C10: · 오픈소스 AI 라이브러리 취약점 미패치 · Prompt Injection 등 LLM 특화 공격 대응 미흡 | D10: · AI 서비스·라이브러리 보안 공지 확인 및 패치 적용 절차 · OWASP LLM Top 10 기준 AI 취약점 점검 수행 여부 | E10: · 보안 공지 확인 이력 및 업데이트 적용 기록 검토 · 취약점 점검 이력 및 조치 결과 확인 | F10: 개인정보보호법 §29 안전성확보조치기준 §9 인공지능기본법 §32 | G10: 중간 | H10: AI-18~19
A11: 합계 | B11: 19 | H11: 전체 19개
A12: 각 감사 영역별 핵심 리스크와 감사 중점 사항을 정의하여, 리스크 기반 감사 설계의 근거로 활용
A13: [판단 기준] ① 법적 제재 해당 여부 (개인정보보호법·인공지능기본법 위반 시 과태료·과징금·형사처벌 조문 존재) ② 정보주체 직접·즉각적 영향 여부 (위반 시 고객 개인정보가 즉시·실시간으로 노출·침해될 가능성) → 두 기준 모두 해당 + 영향이 즉각적 : 높음 → 두 기준 모두 해당 + 영향이 간접적·지연적 : 중간

Sheet 버전 이력
A1: AI 활용 시스템 점검 체크리스트 - 이력
A2: 버전 | B2: 작성일 | C2: 작성자 | D2: 변경 내용 | E2: 참조 정보 | F2: 비고
A3: v1.00 | B3: 2026.03 | C3: 이동우 | D3: AI 체크리스트 최초 작성 (AI-01~AI-19, 19개 항목) | E3: - 생성형 인공지능(AI) 개발·활용을 위한 개인정보 처리 안내서 (2025.08) - 개인정보 영향평가 수행안내서 (2025.10) # 질의문 코드 5.7.1~5.7.10 - 안전한 AI·데이터 활용을 위한 AI 프라이버시 리스크 관리 모델 (2024.12) - 인공지능(AI) 보안 안내서 (2025.12) - 챗GPT등 생성형 AI 활용 보안 가이드라인 (2023.06) | F3: - -
